Offered Load (G),slotted_aloha,pure_aloha,non_persistent_csma,one_persistent_csma
0.01,0.009900498337491681,0.009801986733067553,0.009899019899519733,0.009997010429748241
0.01023,0.010125880578870773,0.010022820869750957,0.010124345694533205,0.010226847638479107
0.01047,0.01036095096785256,0.010253037722850513,0.010359356702286748,0.010466672105601746
0.01072,0.010605695367470386,0.010492609536155113,0.010604038768116135,0.010716483022274417
0.01096,0.01084053426807645,0.01072237073150911,0.01083881741150936,0.010956295431683066
0.01122,0.011094815200001419,0.010971027123189172,0.011093032652178146,0.011216085403089254
0.01148,0.011348963190400073,0.011219422081625068,0.011347114572826607,0.011475868197016362
0.01175,0.011612745449622035,0.011477094202358915,0.011610827876140586,0.011745634930243398
0.01202,0.011876384458535942,0.011734484842508656,0.011874397634884763,0.012015393698275327
0.0123,0.012149636630424293,0.012001111402548599,0.012147577742853483,0.012295134996174462
0.01259,0.012432485534166815,0.012276941744024394,0.012430351809688408,0.012584857758228955
0.01288,0.012715169387842288,0.012552448180242362,0.012712960694305404,0.01287457092061714
0.01318,0.01300742735191108,0.012837114287954816,0.01300514104100899,0.013174263939398958
0.01349,0.013309241854879302,0.013130905763652414,0.013306875354646652,0.013483935607329196
0.0138,0.013610868012230727,0.013424328119301858,0.01360842142401619,0.013793595803947392
0.01413,0.013931747055588648,0.013736275726886267,0.013929215420967062,0.014123221278667998
0.01445,0.014242698857822738,0.014038371678520773,0.01424008505584392,0.014442845304744788
0.01479,0.014572865567189211,0.014358918920849829,0.014570164895216014,0.014782431811233784
0.01514,0.014912506868479395,0.014688432041112623,0.01490971735468175,0.015131990831403113
0.01549,0.01525190867790853,0.015017476973483638,0.015249031036232012,0.01548153405936021
0.01585,0.015600757961070678,0.015355435265609473,0.015597790548177367,0.015841047500518894
0.01622,0.015959033757633103,0.01570226624397491,0.01595597514347743,0.016210529460092868
0.0166,0.01632671454479439,0.016057928182361483,0.016323563537538166,0.01658997815751652
0.01698,0.016694113644034846,0.016413040657240894,0.016690871688877923,0.01696940702382925
0.01738,0.017080545398331762,0.016786250351235467,0.01707720944147901,0.017368784059197586
0.01778,0.017466665399056072,0.017158852652563703,0.017463237396487936,0.017768138403250682
0.0182,0.017871756080246073,0.0175494321643853,0.017868233733014115,0.0181874356407578
0.01862,0.018276503476885843,0.0179393436810215,0.018272889350316936,0.01860670703066568
0.01905,0.01869053230074686,0.018337847647520306,0.018686827085059317,0.019035933851142797
0.0195,0.01912343345617899,0.018754138828354153,0.019119636270876286,0.01948509472524913
0.01995,0.019555941305090502,0.0191696661818619,0.01955205583389357,0.019934224419713965
0.02042,0.020007252098156007,0.0196028470381571,0.020003278625656297,0.020403281580553732
0.02089,0.02045813444087733,0.020035196974677417,0.02045407755165635,0.02087230356770782
0.02138,0.0209277474073055,0.02048506134443321,0.02092360874393539,0.02136124584723222
0.02188,0.021406464964595844,0.020943178349198784,0.021402248654860928,0.021860125772421222
0.02239,0.021894258436731436,0.02140949318867287,0.02188996931445254,0.022368940139701077
0.02291,0.022391098611439578,0.021883950110310406,0.022386742264791773,0.02288768560906323
0.02344,0.022896955742368545,0.022366492417576104,0.022892538564057582,0.02341635869989355
0.02399,0.023421328389205076,0.022866136870153545,0.023416856718878696,0.023964929316093907
0.02455,0.023954635501228044,0.02337370924630122,0.02395011784602493,0.024523418143942398
0.02512,0.024496845192344293,0.02388914905962109,0.024492291060840225,0.025091821147331658
0.0257,0.02504792505341696,0.024412394921462768,0.025043345015126214,0.025670134128449724
0.0263,0.025617326505863368,0.02495237328167338,0.02561273212045119,0.026268321955664906
0.02692,0.02620498093645636,0.025508953413077313,0.026200385636913234,0.026886376539333255
0.02754,0.026791897060205908,0.02606411576197059,0.02678731561381656,0.02750435576521166
0.02818,0.027396972277591587,0.026635702270373388,0.02739242129096906,0.02814218934256334
0.02884,0.028020133697969976,0.027223574634261876,0.028015632041910345,0.02879986806881939
0.02951,0.028651883678922255,0.027818720377854676,0.028647451480433916,0.0294674194738018
0.0302,0.029301594208252343,0.028429914673678384,0.02929725477598573,0.030154798978677323
0.0309,0.029959791037358977,0.029048190258971367,0.02995556860450499,0.030852036190306412
0.03162,0.030635817524377613,0.02968226803880337,0.030631740417090804,0.03156908285092384
0.03236,0.03132959231244913,0.030331994884557217,0.03132569197201249,0.03230592736532509
0.03311,0.032031678029610836,0.03098847470228491,0.03202798624740445,0.03305260271955388
0.03388,0.032751372506019,0.03166034241523073,0.03274792676459316,0.033819054466101776
0.03467,0.03348858919283035,0.03234743600017748,0.033485430700958656,0.03460526932671105
0.03548,0.03424323946842118,0.03304958988984324,0.03424041340763241,0.035411233342858804
0.03631,0.035015232651594404,0.03376663502190259,0.0350127884330199,0.03623693185094529
0.03715,0.03579519874568936,0.034489804932527623,0.03579318488206458,0.03707240442298991
0.03802,0.03660161397308357,0.03523614269949044,0.03660009397013998,0.03793752719733385
0.0389,0.03741584398311899,0.035988313135452484,0.03741487498891139,0.038812395555390386
0.03981,0.03825629557833147,0.03676322912274965,0.03825595259460984,0.039716875219255675
0.04074,0.03911360696996017,0.037552141634769685,0.03911396470751604,0.04064100477712119
0.04169,0.03998767541023478,0.03835486171058516,0.03998881457057548,0.04158476479237568
0.04266,0.04087839619246142,0.039171197263662555,0.040880403799559074,0.04254813493629398
0.04365,0.04178566266655851,0.040000953138222724,0.04178863240957476,0.04353109395950812
0.04467,0.04271850229347481,0.04085225964176433,0.04272254582217416,0.04454354417192116
0.04571,0.04366762986835304,0.041716514949015064,0.04367285701470474,0.045575531751181356
0.04677,0.04463293197920633,0.04259351330041606,0.04463946046249508,0.04662703215552772
0.04786,0.04562336987422361,0.04349126365817414,0.045631339396646764,0.04770793466086399
0.04898,0.04663876449859505,0.04440943964792589,0.04664832649366689,0.04881820214631592
0.05012,0.047669898024975794,0.04533956858961674,0.047681200571874804,0.049947887821485966
0.05129,0.048725660520945006,0.04628952999029789,0.04873887844813875,0.051106865847699294
0.05248,0.049796870696463075,0.04725092094436476,0.049812174515553365,0.05228519351421422
0.0537,0.05089236954008096,0.04823153216767524,0.05090996000160165,0.05349273403508631
0.05495,0.05201195941300072,0.04923100858925631,0.052032052516800625,0.05472944069289058
0.05623,0.053155438454203376,0.05024898874726307,0.053178266300161474,0.05599526443901264
0.05754,0.05432260062535106,0.05128510494788653,0.05434841229249886,0.05729015381357431
0.05888,0.055513235756581514,0.05233898342672895,0.05554229821062477,0.0586140548641848
0.06026,0.05673597752178891,0.05341804091193058,0.05676860317046005,0.05997678334999104
0.06166,0.05797288623040378,0.054506252641637054,0.058009355696846523,0.06135853020159546
0.0631,0.059241408752692126,0.05561877196519092,0.059282078514129866,0.06277897227799242
0.06457,0.060532469476729175,0.05674740376260103,0.060577691431955516,0.06422817186227582
0.06607,0.06184583684364237,0.05789174413334996,0.061895985989555806,0.06570606058445351
0.06761,0.06318998990964611,0.059058938393450326,0.06324550125318103,0.06722241033277816
0.06918,0.0645559186165904,0.06024091686082455,0.06461722083673223,0.0687672902510011
0.07079,0.06595203581709325,0.06144471010621767,0.06601962444722388,0.07035045175581765
0.07244,0.06737800524710742,0.06266973482991764,0.06745241062069912,0.07197179173405135
0.07413,0.06883348372990158,0.06391539838654563,0.06891527279913354,0.07363120192224387
0.07586,0.07031812127748815,0.06518109912991737,0.07040789948490052,0.07532856873526805
0.07762,0.07182302635335808,0.06645899400354506,0.07192138944130526,0.07705397372906027
0.07943,0.07336493749199095,0.06776298694704441,0.07347262103786678,0.07882689934561027
0.08128,0.07493491852570756,0.06908516257940982,0.07505265507031497,0.08063740751429324
0.08318,0.07654102980036682,0.0704319456948863,0.07666965721922975,0.08249513453382275
0.08511,0.07816598179448911,0.07178851732929624,0.07830627205938903,0.08438038222916124
0.0871,0.07983459117134417,0.07317522327779179,0.07998755352588775,0.08632229018298267
0.08913,0.08152958643749918,0.07457728559036968,0.08169616628858536,0.08830115442385184
0.0912,0.08325056345619952,0.07599403855016124,0.08343176233720594,0.09031681002059304
0.09333,0.0850136302551532,0.07743830846630129,0.08521066058422222,0.09238852648441044
0.0955,0.0868017035379256,0.07889566216843902,0.0870157018461448,0.09449663629687557
0.09772,0.08862254171283332,0.08037203131030377,0.08885479297426316,0.09665064694181343
0.1,0.09048374180359596,0.0818730753077982,0.09073569902870737,0.09886000717587438
0.10233,0.0923765247386573,0.08339120807966154,0.09264964429582932,0.10111476074957686
0.10471,0.09430032388899035,0.08492551891479785,0.09459614928230745,0.10341464917884932
0.10715,0.09626258539009448,0.08648143113378659,0.09658285355316523,0.10576904443411968
0.10965,0.09826259882697169,0.08805780509102032,0.09860915646355442,0.10817761949651979
0.1122,0.10029170534450335,0.08964729198670839,0.10066640096667205,0.11063042070741802
0.11482,0.10236508470041357,0.09126119635710543,0.1027701072629387,0.1131463273662207
0.11749,0.1044661633815007,0.09288602682483955,0.1049035950646817,0.11570575985699703
0.12023,0.10660992100462417,0.09453277265750817,0.10708221706287499,0.11832749786526604
0.12303,0.10878769472506108,0.09619411951225784,0.10929732783403177,0.12100153663562918
0.12589,0.11099870224729393,0.09786886885839553,0.11154828651193802,0.12372744784884958
0.12882,0.11324980937273227,0.09956155350846298,0.11384225554521554,0.12651428603243758
0.13183,0.11554767481646329,0.10127637984898086,0.11618622390273553,0.12937100283773417
0.1349,0.11787606350370554,0.10300049182453389,0.11856383130599574,0.13227806306302065
0.13804,0.12024165364624954,0.10473815757450476,0.12098209390360223,0.1352443900924718
0.14125,0.12264345058172292,0.10648790067675407,0.12344021277786918,0.13826938051337742
0.14454,0.12508784942469647,0.10825356353739819,0.12594497390528178,0.14136179182102665
0.14791,0.1275736673244793,0.11003340270851812,0.12849543078624742,0.14452089063590884
0.15136,0.13009970334438084,0.11182566602996763,0.13109062841815677,0.14774591012873808
0.15488,0.1326575006336423,0.11362353095535128,0.13372215152323352,0.15102674268496108
0.15849,0.1352603581280434,0.11543545006578684,0.13640398298710954,0.1543811943630914
0.16218,0.1378997303667593,0.11725450508832726,0.1391276476597409,0.1577990588989306
0.16596,0.14058141617025594,0.11908372241765908,0.1418994729964257,0.16128864402317764
0.16982,0.14329695028417772,0.12091635826608231,0.1447110662567005,0.16483972317702664
0.17378,0.14605892430406234,0.12275986516779727,0.14757585521944291,0.16846960831304536
0.17783,0.14885877500987188,0.12460740537276982,0.15048538410760362,0.17216794857505394
0.18197,0.15169498669679018,0.12645693789602327,0.15343850043690405,0.17593356200988552
0.18621,0.1545727824287072,0.12831075166614284,0.15644110314311813,0.17977425793504806
0.19055,0.15749041941743447,0.13016652956326122,0.15949187481138402,0.1836886391082721
0.19498,0.16043951038588247,0.13201782999723918,0.16258254204969014,0.1876662918144133
0.19953,0.1634381450409036,0.1338747419155588,0.1657326275390947,0.1917325761399168
0.20417,0.16646465092910107,0.1357225841648992,0.16891994956741582,0.19585904281729002
0.20893,0.16953667373478423,0.1375708789597218,0.17216369940660908,0.20007066458372366
0.2138,0.17264561038724474,0.13941303454623152,0.17545547813689966,0.20435668086780212
0.21878,0.1757893949107394,0.14124650956707138,0.17879378042782698,0.20871517414055948
0.22387,0.178965943191688,0.1430687846629316,0.182177099494403,0.2131441537584045
0.22909,0.18218541631534052,0.14488421981751254,0.1856170513200234,0.21765879932918805
0.23442,0.18543313860653524,0.14668308545973255,0.1890987765210333,0.2222395068359292
0.23988,0.18871893622627,0.1484693884040977,0.19263365975560176,0.22690106968794171
0.24547,0.19204020289270798,0.15024010888121742,0.19621984647739404,0.2316408315148046
0.25119,0.19539431106570132,0.1519922640106694,0.19985548211635348,0.23645603641571747
0.25704,0.19877861436267152,0.15372291288493495,0.2035387140126754,0.24134382864220302
0.26303,0.20219611527530706,0.15543196225687286,0.20727389876706118,0.24630950923985231
0.26915,0.20563830919778642,0.15711355827503032,0.2110528654861148,0.25134162879595506
0.27542,0.20911350805884227,0.15877009386636953,0.21488594247909998,0.2564532596412467
0.28184,0.21261851148927227,0.16039820972152213,0.21877092961022848,0.2616407007661947
0.2884,0.21614476800065205,0.16199223555497813,0.22269967518168338,0.26689215722614107
0.29512,0.2196997965354531,0.16355381064556618,0.22668197214168184,0.27221968823567533
0.302,0.22328009559663864,0.1650794738067685,0.23071545627253554,0.27761897926730483
0.30903,0.22687707694681208,0.16656379006546188,0.2347920070368849,0.2830778541299506
0.31623,0.23049744941601702,0.16800769752170674,0.23892088199613565,0.2886072557590739
0.32359,0.2341325205889855,0.16940584442458578,0.24309392521200648,0.2941946529978575
0.33113,0.23778836312779866,0.17075863147101697,0.2473199744346049,0.2998500993799412
0.33884,0.2414561829481791,0.17206082010360213,0.25159084314089813,0.3055606818678185
0.34674,0.2451414080011108,0.17331230869460423,0.2559149498677385,0.31133550495162043
0.35481,0.24883062271204057,0.17450657760283497,0.26027870924739016,0.3171540900311747
0.36308,0.25253331880121915,0.17564469842667785,0.26469563044216077,0.32303190299637224
0.37154,0.25624051880000714,0.17672176205764334,0.2691574859941282,0.32895520735709494
0.38019,0.2599478743799571,0.17773454692300678,0.2736615182279552,0.3349173748604014
0.38905,0.2636593344526332,0.1786820322426564,0.2782152135610965,0.34092508050019305
0.39811,0.2673659579595238,0.17955980878554634,0.28281043704517106,0.34696410880698225
0.40738,0.2710671051715443,0.18036569175237138,0.28744930169284977,0.3530335352588992
0.41687,0.27476176760525794,0.18109729397070015,0.2921336881001486,0.35913181030526525
0.42658,0.27844482438022183,0.18175141878225087,0.29686041194406354,0.3652505016539906
0.43652,0.2821148318642313,0.18232561705714173,0.3016310988412606,0.37138714074002804
0.44668,0.28576290244747116,0.18281641536492102,0.3064377544525651,0.3775266456154747
0.45709,0.2893943549752568,0.18322232534412247,0.31129122226447004,0.3836777076578864
0.46774,0.29299999325128906,0.1835399924001698,0.316183337840104,0.38982444815101813
0.47863,0.29657432345018214,0.18376685399981876,0.3211107594232344,0.3959569831749195
0.48978,0.3001181740796136,0.1839007685346099,0.3260790491301753,0.40207616687647846
0.50119,0.3036255718434932,0.18393920045748774,0.3310845768587514,0.4081710646703018
0.51286,0.3070906262212375,0.1838799140368752,0.33612378020571204,0.41423066031098793
0.52481,0.3105131626698479,0.18372063068773728,0.34120159799396693,0.4202538097891954
0.53703,0.3138841468878345,0.18345950443644427,0.3463100552221935,0.4262236701043558
0.54954,0.3172028785657136,0.18309434467076985,0.3514537633402857,0.432137949988061
0.56234,0.3204629436284609,0.18262349866454122,0.3566288497035613,0.43798411179178903
0.57544,0.3236604477743269,0.1820451922936845,0.36183546934287214,0.44375396394736416
0.58884,0.3267889337275858,0.18135827594391082,0.3670697228175411,0.4494345537739812
0.60256,0.3298464507670948,0.18056074263749586,0.37233541414425586,0.4550209895957529
0.6166,0.3328262278383114,0.17965179684897756,0.37762843063873414,0.460499507483061
0.63096,0.33572167520505103,0.1786310434932258,0.3829447644363914,0.4658564896069778
0.64565,0.3385282554155104,0.17749768406206004,0.38828411702045756,0.4710819803733558
0.66069,0.3412429692849385,0.17625022943650048,0.3936495669922372,0.4761688547774589
0.67608,0.3438589046166393,0.17488898693077012,0.3990368403792384,0.481102614589795
0.69183,0.3463709327203325,0.1734137331910341,0.40444518720624345,0.4858720151290212
0.70795,0.3487737634472183,0.1718244764024807,0.40987371941369666,0.49046546332222474
0.72444,0.35106062965059426,0.1701225300793326,0.4153181485464556,0.49486848394043237
0.74131,0.35322628706064213,0.16830854820607727,0.4207775264106943,0.499069472025416
0.75858,0.3552665186474304,0.16638231863727626,0.42625392330092776,0.5030588480918681
0.77625,0.35717456263821823,0.1643461103971691,0.4317428896661821,0.5068220933399111
0.79433,0.35894493489524176,0.162201435533027,0.43724313849681384,0.5103471917610269
0.81283,0.36057211761907826,0.15995011503550113,0.4427532833684366,0.5136221124734007
0.83176,0.3620505842893916,0.15759428871824788,0.44827184551923754,0.5166348755845901
0.85114,0.3633754609422388,0.15513514300230816,0.45380008247248216,0.5193749464305589
0.87096,0.36453991498058297,0.15257801691702336,0.4593306472942819,0.5218278273583611
0.89125,0.3655397292819839,0.1499234711736843,0.4648674092498102,0.5239845897782794
0.91201,0.3663689753407275,0.1471762657122341,0.47040577178010007,0.5258328415207022
0.93325,0.3670224866834947,0.14434021508849296,0.4759439031456886,0.5273619271498604
0.95499,0.3674954248625229,0.14141811672885182,0.48148243999174006,0.528562145707137
0.97724,0.36778269896780613,0.1384144259957062,0.48701928168635683,0.5294233951696381
1.0,0.36787944117144233,0.1353352832366127,0.4925498945976458,0.5299360787445541
1.02329,0.367781203535159,0.13218443811018385,0.4980746370951032,0.530091928848182
1.04713,0.36748348080116267,0.12896594373357512,0.5035936178519942,0.5298828395542049
1.07152,0.36698224941261404,0.12568684801398206,0.5091022479228166,0.5293015970000838
1.09648,0.3662735021031867,0.12235177873096924,0.5146005092833557,0.5283416044165267
1.12202,0.3653536948026806,0.11896697234093001,0.5200860453899905,0.5269972894904883
1.14815,0.3642196903028479,0.1155388954442385,0.5255565108283251,0.5252641502993328
1.1749,0.36286770419159564,0.11207164077392062,0.5310136044160506,0.523137087822269
1.20226,0.3612963002011407,0.10857469810110357,0.5364507835019772,0.520615109240946
1.23027,0.3595017109764505,0.1050513140977146,0.5418715036758116,0.5176939311019146
1.25893,0.35748286567953563,0.10151001187870091,0.5472712083949737,0.5143740086775778
1.28825,0.3552387104164978,0.09795811479012335,0.5526474020797003,0.5106562655222248
1.31826,0.3527670641519408,0.09440065051687793,0.5580011601613306,0.5065401266440068
1.34896,0.35006862411846595,0.09084631241267037,0.5633280935593493,0.5020301600220839
1.38038,0.34714206402146647,0.08730031774807223,0.5686290640795353,0.49712790047499766
1.41254,0.34398731483151657,0.08376914831792154,0.5739030112126852,0.49183729272130955
1.44544,0.34060690888141454,0.08026141962153546,0.5791456311739939,0.48616693746367506
1.47911,0.33700097870677975,0.07678242973769864,0.5843574674120628,0.48012166982030274
1.51356,0.33317229910159296,0.07333953123010738,0.5895358341945345,0.4737109804783047
1.54882,0.32912204178697907,0.06993796463761444,0.5946810211911943,0.46694186763920925
1.58489,0.32485543996597377,0.06658572953043203,0.5997888940119527,0.4598282693205968
1.62181,0.32037368768120955,0.0632868830248039,0.6048610117336204,0.45237749552368434
1.65959,0.3156821531400107,0.06004809730783699,0.6098946151482952,0.44460388833890696
1.69824,0.3107869718932521,0.05687567240117833,0.6148870711141259,0.4365230627346909
1.7378,0.3056911334554779,0.0537732012160748,0.6198395701270528,0.42814542579522613
1.77828,0.30040209202295687,0.050746461126351894,0.6247493852427278,0.4194886901320078
1.8197,0.29492672372112366,0.047800061749121284,0.6296150868926133,0.41056948741694277
1.86209,0.28927123916885916,0.044937596899337476,0.6344363575001462,0.4014032203108336
1.90546,0.2834451778358805,0.04216366065853597,0.6392105692617474,0.39201048956014084
1.94984,0.27745606516142524,0.03948112055084573,0.6439373424480822,0.38240838248057385
1.99526,0.27131205330794517,0.03689255047972358,0.6486161722235764,0.3726147388653816
2.04174,0.2650232782197836,0.03440072585067679,0.6532454631747361,0.36265024853542793
2.0893,0.2586004898639738,0.0320079516382938,0.657823653624507,0.352536188397129
2.13796,0.25205501630048,0.029716052331304255,0.6623492204773164,0.3422943194490101
2.18776,0.24539605793461855,0.02752551708133007,0.6668224489339084,0.3319426511931706
2.23872,0.2386360416499702,0.02543737509575397,0.6712417219438943,0.3215037813475011
2.29087,0.23178655741718604,0.023451792637430535,0.6756063041678677,0.31099850990016814
2.34423,0.22486096294892322,0.02156889582435043,0.6799146133119099,0.30044983045269025
2.39883,0.2178717087242985,0.019788013932811235,0.6841659012236325,0.2898788011174536
2.45471,0.21083037642598979,0.018107820322532824,0.6883601175578611,0.2793046492802612
2.51189,0.2037514231374725,0.01652725335526052,0.6924956542012842,0.2687503820989076
2.5704,0.19664829090729818,0.01504456517147579,0.696571674141255,0.2582368971779802
2.63027,0.1895346356119848,0.013657677005238192,0.7005873262875518,0.24778484141048937
2.69153,0.182424261999005,0.012364198565827473,0.7045417526902474,0.23741451200490823
2.75423,0.1753288214719636,0.011161085181247643,0.7084353131930777,0.22714253655456026
2.81838,0.16826456472930212,0.01004582907327667,0.7122658435386101,0.21699166543931786
2.88403,0.16124321875675066,0.009014946306049989,0.7160336322545591,0.20697757348711837
2.95121,0.15427867341197565,0.008065135679859801,0.7197377259561568,0.1971185434708128
3.01995,0.14738460843855528,0.007192908096023528,0.723377200128571,0.18743204205377229
3.0903,0.14057251161672135,0.006394405404728752,0.7269521586094286,0.1779319908061247
3.16228,0.13385653142795742,0.005666029259244517,0.7304611463793563,0.16863558532505368
3.23594,0.12724759260123641,0.005003785553134556,0.7339042069122407,0.15955511647556334
3.31131,0.1207580745730808,0.004403850009391373,0.7372803987150645,0.15070450501606986
3.38844,0.11439815114205401,0.003862230697524593,0.7405896743639256,0.14209430341371568
3.46737,0.10817839397760846,0.0033750551350374136,0.7438314961700229,0.1337353034663543
3.54813,0.10210952208052707,0.002938549179289835,0.7470049358365626,0.12563819420218653
3.63078,0.09619936725021203,0.002548851282463043,0.7501102344828835,0.11780956038431042
3.71535,0.09045732254265593,0.0022023570327387963,0.7531464509877404,0.11025785809187486
3.80189,0.0848906188281973,0.0018954828164503142,0.7561133908799391,0.10298850386978724
3.89045,0.07950581082725132,0.0016247924932330895,0.7590108123091249,0.09600590139082531
3.98107,0.0743092847101019,0.0013870315754626228,0.7618381302531171,0.08931412789964056
4.0738,0.0693060014724366,0.0011790764986247195,0.7645950771929905,0.08291534373040528
4.16869,0.0645001220957151,0.0009979791614061384,0.7672813598132148,0.07681064829952709
4.2658,0.05989452002876634,0.0008409568028215793,0.7698969285818527,0.07099950181432584
4.36516,0.05549262465450491,0.0007054567051484403,0.7724409204359706,0.06548208125816585
4.46684,0.05129516521881599,0.0005890504192730498,0.7749135169679252,0.06025521437678683
4.57088,0.047303345648646036,0.0004895351681853997,0.7773141237544299,0.05531640102669389
4.67735,0.04351636130016525,0.0004048603805160016,0.7796428378065042,0.05066074636652872
4.7863,0.03993339532251372,0.0003331751168928318,0.7818992691464397,0.046283464479803714
4.89779,0.036552491908768824,0.0002727933751223736,0.7840832338512636,0.0421785080638712
5.01187,0.0333712375549663,0.00022220039545119743,0.7861943443166141,0.038339423120181994
5.12861,0.0303859383244609,0.00018003030993932892,0.7882325755008731,0.0347583735748802
5.24807,0.027592546142554197,0.00014507211272505555,0.790197689141043,0.03142727948554092
5.37032,0.024986177601979062,0.00011625174499054805,0.7920895904202914,0.028337251108998283
5.49541,0.02256180601628583,9.262913790172373e-05,0.7939078641190721,0.02547942125424823
5.62341,0.02031345593602004,7.337834020009706e-05,0.7956523986449999,0.022843998879371306
5.7544,0.018234584872049143,5.778188611427142e-05,0.7973231773228497,0.020420734180859802
5.88844,0.016318613451998896,4.5223717146775596e-05,0.798919898323681,0.018199539652940404
6.0256,0.014558461026648402,3.517471910920745e-05,0.8004423843553555,0.01616994746033568
6.16595,0.012946785060246914,2.7184658227237116e-05,0.8018904471124055,0.014321389367372248
6.30957,0.011475941579204271,2.0872616537943064e-05,0.8032639839673306,0.012643150507754677
6.45654,0.010138183596020907,1.5919171355962695e-05,0.804562861728179,0.011124594197612137
6.60693,0.00892578587624563,1.2058498199403652e-05,0.8057868450751101,0.009755297163183255
6.76083,0.007830849072996407,9.07021729640424e-06,0.8069358495802451,0.008524821665358532
6.91831,0.006845673173080341,6.7737989758527534e-06,0.8080096208205222,0.007423129767746012
7.07946,0.005962518223682093,5.021798776706283e-06,0.8090080384613646,0.006440305698054363
7.24436,0.0051738573563645685,3.695122818856015e-06,0.8099309002714982,0.005566830536560651
7.4131,0.004472305217832989,2.698130871222049e-06,0.8107780513510593,0.00479349254052576
7.58578,0.0038506837157429477,1.9546790282196312e-06,0.8115493603915171,0.004111450709807906
7.76247,0.003302189923300465,1.4047665613583214e-06,0.8122445516710612,0.0035124082924742114
7.94328,0.002820182409777578,1.0012776616736246e-06,0.8128635091841038,0.0029883680741472937
8.12831,0.0023983915108507464,7.076848495346419e-07,0.8134060458167142,0.002531852435600782
8.31764,0.0020309300477428047,4.958950926975189e-07,0.8138719117724216,0.0021359033224722414
8.51138,0.0017122004747185953,3.444365620647395e-07,0.8142609334751856,0.0017939716898252615
8.70964,0.0014369829430448046,2.370844235354972e-07,0.8145729098946992,0.0015000029268614735
8.91251,0.0012004556424194054,1.6169336689850422e-07,0.8148075994780617,0.0012484484383243686
9.12011,0.000998128897098843,1.0923785954596519e-07,0.8149647929504014,0.0010341860105912647
9.33254,0.000825903365584039,7.309010936819375e-08,0.8150442493500315,0.0008525729581453285
9.54993,0.0006800146775619392,4.842129331834559e-08,0.815045729602584,0.0006993790692421306
9.77237,0.000557074829063116,3.175610063635535e-08,0.8149689835373479,0.00057082229491395
10.0,0.00045399929762484856,2.061153622438558e-08,0.8148137464546439,0.00046348486538865414
10.23293,0.00036803995639375273,1.3237011247249366e-08,0.8145797535191773,0.00037434100604656146
10.47129,0.0002967404302446766,8.409172407773617e-09,0.8142667190335537,0.00030070404896724064
10.71519,0.00023793152421312173,5.283285710694756e-09,0.8138743801638492,0.00024021595752001638
10.96478,0.000189695257341584,3.281806899717986e-09,0.813402407701052,0.00019080498095259965
11.22018,0.0001503618166627367,2.015001177353522e-09,0.812850515588892,0.00015067780327257912
11.48154,0.0001184760803010493,1.2225347473858627e-09,0.8122183525231613,0.00011828096414209446
11.74898,9.27861131928062e-05,7.327668275397734e-10,0.8115056353192046,9.228532801478181e-05
12.02264,7.221603386230013e-05,4.337779012596967e-10,0.8107120381313007,7.155512954692993e-05
12.30269,5.584826700715377e-05,2.5352414209431766e-10,0.80983714002912,5.512708295922586e-05
12.58925,4.290995426459413e-05,1.4625686001863177e-10,0.8088806725944382,4.219405725710058e-05
12.8825,3.274925976349738e-05,8.325356220120541e-11,0.8078421754974029,3.207901996707444e-05
13.18257,2.482462391679911e-05,4.674824048804705e-11,0.8067213618505701,2.42223383517037e-05
13.48963,1.8686508634475562e-05,2.5885484253187795e-11,0.8055178087444039,1.8161909104750187e-05
13.80384,1.396588223730998e-05,1.4129826676229979e-11,0.804231133374986,1.3520308606103946e-05
14.12538,1.036156966364881e-05,7.600653992646378e-12,0.8028608755236011,9.991077143058608e-06
14.4544,7.630164650660917e-06,4.027798635446329e-12,0.8014067103245278,7.327767395824452e-06
14.79108,5.575906217348424e-06,2.1019918859653795e-12,0.7998681963391125,5.333169310904681e-06
15.13561,4.042853698195471e-06,1.0798815525117785e-12,0.7982448523726707,3.850967317568817e-06
15.48817,2.9078589799787577e-06,5.459420866017806e-13,0.7965362531421807,2.758325106692028e-06
15.84893,2.074421973986763e-06,2.715152711355995e-13,0.7947420398247154,1.9594609971805712e-06
16.2181,1.4674679908515655e-06,1.327814173160808e-13,0.7928616716431219,1.3802290072723757e-06
16.59587,1.0292129945203382e-06,6.382789140247071e-14,0.7908947218821858,9.63839964556212e-07
16.98244,7.155172487508499e-07,3.014672410207164e-14,0.7888407320156403,6.671286720036602e-07
17.37801,4.92976473004462e-07,1.3984673903163776e-14,0.7866992645438385,4.575901798164053e-07
17.78279,3.3653662110784666e-07,6.3689048426420345e-15,0.7844698508855242,3.10966386803516e-07
18.19701,2.2758257323649133e-07,2.8462823090685195e-15,0.7821519338667079,2.093238310801531e-07
18.62087,1.52425938919958e-07,1.2477218763479236e-15,0.7797451490614667,1.3954153596924032e-07
19.05461,1.0108531911851807e-07,5.362608702719517e-16,0.7772489347391383,9.210056608992282e-08
19.49845,6.63637392826525e-08,2.258715893609941e-16,0.7746628720366027,6.017244046472857e-08
19.95262,4.312083538821768e-08,9.319109192566022e-17,0.7719865177616708,3.890520790650947e-08
20.41738,2.7723275631594774e-08,3.764342005415858e-17,0.7692192846336494,2.488732668656816e-08
20.89296,1.7632046973427326e-08,1.4880087860846318e-17,0.7663607984814583,1.574733724587405e-08
21.37962,1.109044546544444e-08,5.7530480252687915e-18,0.7634105446857911,9.853254308182302e-09
21.87762,6.897162074489915e-09,2.174406753649713e-18,0.7603680479317162,6.0951036871844735e-09
22.38721,4.2399252975748764e-09,8.030016482185771e-19,0.7572329375669458,3.726495135619508e-09
22.90868,2.5756494476387337e-09,2.8958325303429596e-19,0.7540046423515695,2.251180772529935e-09
23.44229,1.5457627736244655e-09,1.0192615791047722e-19,0.750682823532389,1.3433688315872292e-09
23.98833,9.162218942953516e-10,3.499462278475252e-20,0.7472670069849745,7.916391139089719e-10
24.54709,5.362092247229507e-10,1.171301089774746e-20,0.7437567709291776,4.605514339716777e-10
25.11886,3.0975450807975353e-10,3.819753574633964e-21,0.740151749414698,2.6443543194896856e-10
25.70396,1.7656801946923562e-10,1.2128973706498289e-21,0.7364514455601122,1.4979960354609836e-10
26.30268,9.928673242144515e-11,3.747852019234408e-22,0.7326556132180468,8.369944713040451e-11
26.91535,5.505693720991132e-11,1.12622215016194e-22,0.7287638172994051,4.611155751195276e-11
27.54229,3.0097850509228804e-11,3.2890533259067585e-23,0.7247757530051298,2.503979127118094e-11
28.18383,1.6215045165306464e-11,9.32902624352079e-24,0.7206911221906669,1.3397981784132248e-11
28.84032,8.606136746706473e-12,2.5681264876052504e-24,0.7165095725605107,7.061244644012936e-12
29.51209,4.4984420504721185e-12,6.8568443920629805e-25,0.7122309555800849,3.664460797369041e-12
30.19952,2.3148089245567977e-12,1.7743130874953633e-25,0.7078548839109435,1.871794818680605e-12
30.90295,1.1722474041061869e-12,4.446708085906665e-26,0.7033813078200194,9.407515528805047e-13
31.62278,5.839843250883922e-13,1.0784557586301548e-26,0.6988098822315443,4.650329812637798e-13
32.35937,2.8609102185819015e-13,2.5293469183072302e-27,0.6941406061481239,2.2600865566151047e-13
33.11311,1.3777138367634858e-13,5.7321568889469e-28,0.6893733809846976,1.0795092943583196e-13
33.88442,6.519036726177521e-14,1.2542000080642176e-28,0.6845080155973096,5.0652658467845154e-14
34.67369,3.029757211290644e-14,2.647375793971642e-29,0.6795446088711019,2.3338868899803504e-14
35.48134,1.3824512981298141e-14,5.386413229322252e-30,0.6744831742328298,1.0555365691230113e-14
36.30781,6.190397273691235e-15,1.0554483568720855e-30,0.6693237080093826,4.683690545930729e-15
37.15352,2.7191379844444268e-15,1.990043306380795e-31,0.664066442976774,2.0381606598424083e-15
38.01894,1.1710735023508567e-15,3.60718407169769e-32,0.6587114161499185,8.693933284010635e-16
38.90451,4.942946792783108e-16,6.280177541443091e-33,0.6532589701497622,3.6335142182798775e-16
39.81072,2.0437323318536193e-16,1.0491751579132033e-33,0.6477092624538136,1.487145785574677e-16
40.73803,8.273673738323694e-17,1.6803384240285345e-34,0.6420627620436534,5.957889715208366e-17
41.68694,3.2778721305967113e-17,2.577412903068113e-35,0.6363198240744411,2.3351910976355884e-17
42.65795,1.270245562912884e-17,3.7824691296695446e-36,0.6304809393473035,8.949980381416425e-18
43.65158,4.812377056301812e-18,5.30541458797599e-37,0.6245466175029696,3.3524423402969918e-18
44.66836,1.7814668445288604e-18,7.10485927434008e-38,0.6185174523473002,1.2266072908468583e-18
45.70882,6.440383216265484e-19,9.074514715618151e-39,0.6123941846565063,4.381471560257427e-19
46.77351,2.272598257858875e-19,1.1041939853612001e-39,0.6061775876078406,1.5270777779421513e-19
47.86301,7.822739650575939e-20,1.2785500878589324e-40,0.5998684153771112,5.1900604417784505e-20
48.97788,2.6252880608658072e-20,1.4071939011089397e-41,0.5934676978602543,1.7191175977745622e-20
50.11872,8.584528263091809e-21,1.470391213100056e-42,0.5869763970928792,5.5461944654609956e-21
51.28614,2.7334580513644714e-21,1.4568834618025951e-43,0.5803955870333672,1.7416900322629906e-21
52.48075,8.470321636546778e-22,1.3670983861044764e-44,0.5737265128428125,5.320625029759372e-22
53.70318,2.552732268798174e-22,1.2134182810335393e-45,0.5669704816173537,1.5801248446473823e-22
54.95409,7.477251277975622e-23,1.0173817212511039e-46,0.5601288140650429,4.5589510982866946e-23
56.23413,2.1272945473355106e-23,8.047394155690492e-48,0.5532030687806597,1.2770126509658327e-23
57.54399,5.874388271694613e-24,5.996879529317174e-49,0.5461947732814424,3.470377322501302e-24
58.88437,1.5734142225943123e-24,4.2042265474897064e-50,0.5391055936409545,9.143225016708728e-25
60.25596,4.0847838486766576e-25,2.7690968811068133e-51,0.531937441057496,2.333766782682116e-25
61.6595,1.027115756966616e-25,1.7109557784430695e-52,0.5246921599582022,5.766644179992838e-26
63.09573,2.4996119872737757e-26,9.902508595942631e-54,0.5173717961462891,1.3783789612807772e-26
64.56542,5.8829391013039675e-27,5.360295413497059e-55,0.5099784454423533,3.1845850204519513e-27
66.06934,1.3379817306979849e-27,2.7095701450651316e-56,0.502514409764436,7.106152948596062e-28
67.6083,2.9382476328864666e-28,1.2769584728743252e-57,0.4949820004921739,1.530223919389775e-28
69.1831,6.225316658991553e-29,5.601739081468994e-59,0.48738378916300157,3.177309607686511e-29
70.79458,1.2714654602279232e-29,2.2835426335640453e-60,0.47972236496376625,6.355885332321887e-30
72.4436,2.501176241692118e-30,8.63552141528735e-62,0.472000438340513,1.22383683476167e-30
74.13102,4.734859014456965e-31,3.0242252011080357e-63,0.46422093578070417,2.2663173577481784e-31
75.85776,8.617740984409077e-32,9.790093943502143e-65,0.4563867253386073,4.0323685397461843e-32
77.62471,1.5066652729558663e-32,2.924378390246064e-66,0.44850103217626763,6.887274210115456e-33
79.43282,2.5279272590910697e-33,8.045057732125951e-68,0.4405670303984084,1.1281356382156089e-33
81.28305,4.066491830024602e-34,2.0344162532848895e-69,0.4325880733047127,1.7704213049826175e-34
83.17638,6.265520516157705e-35,4.719698950398311e-71,0.42456764869527186,2.6592488636306064e-35
85.1138,9.237326762528206e-36,1.0025190476482053e-72,0.4165094205844004,3.8191746946401966e-36
87.09636,1.3017616203382634e-36,1.94564194896974e-74,0.40841702310409267,5.238935994406355e-37
89.12509,1.7517220441548437e-37,3.442947569509354e-76,0.40029439263733935,6.856824395988683e-38
91.20108,2.2484031944016855e-38,5.54304502161126e-78,0.3921454400731314,8.553155219669847e-39
93.32543,2.7496709751270816e-39,8.10142580801001e-80,0.38397425503208304,1.0157001954322193e-39
95.49926,3.2003565277692346e-40,1.0724985622752627e-81,0.3757850621729797,1.146949054292755e-40
97.72372,3.541013998451652e-41,1.2830846121320962e-83,0.36758218153782063,1.2301339649529622e-41
100.0,3.7200759760208363e-42,1.3838965267367375e-85,0.3593699929897,1.2515927110274309e-42
