Offered Load (G),slotted_aloha,pure_aloha,non_persistent_csma,one_persistent_csma,p_persistent_csma
0.01,0.009900498337491681,0.009801986733067553,0.009900990099009901,0.009999005032957854,0.009999488910840616
0.01023,0.010125880578870773,0.010022820869750957,0.010126406857844253,0.010228934913864462,0.01022945287153405
0.01047,0.01036095096785256,0.010253037722850513,0.010361514938592933,0.010468858318991645,0.0104694135018013
0.01072,0.010605695367470386,0.010492609536155113,0.010606300459078677,0.010718774724491733,0.010719370531928608
0.01096,0.01084053426807645,0.01072237073150911,0.010841180659966762,0.01095869073392719,0.010959327356123625
0.01122,0.011094815200001419,0.010971027123189172,0.011095508395799135,0.01121859551461852,0.011219278405407512
0.01148,0.011348963190400073,0.011219422081625068,0.011349705382212204,0.011478495796167392,0.0114792271388
0.01175,0.011612745449622035,0.011477094202358915,0.011613540894489746,0.011748387369920194,0.011749171392121104
0.01202,0.011876384458535942,0.011734484842508656,0.011877235627754392,0.012018273865389792,0.012019113030982007
0.0123,0.012149636630424293,0.012001111402548599,0.012150548256445718,0.012298150669874996,0.012299049683123406
0.01259,0.012432485534166815,0.012276941744024394,0.012433462704549718,0.012588017049374565,0.012588980970334531
0.01288,0.012715169387842288,0.012552448180242362,0.012716215148882395,0.01287787715704573,0.012878909027707112
0.01318,0.01300742735191108,0.012837114287954816,0.013008547345979985,0.013177725689171187,0.013178831127013235
0.01349,0.013309241854879302,0.013130905763652414,0.01331044213559088,0.013487561793480615,0.01348874682893175
0.0138,0.013610868012230727,0.013424328119301858,0.013612152298283685,0.01379739022593229,0.013798658578846072
0.01413,0.013931747055588648,0.013736275726886267,0.01393312494453374,0.014127198964206143,0.014128560191584864
0.01445,0.014242698857822738,0.014038371678520773,0.014244171718665285,0.014447004809696394,0.014448460309051118
0.01479,0.014572865567189211,0.014358918920849829,0.014574443973630011,0.014786788931214866,0.014788349242524071
0.01514,0.014912506868479395,0.014688432041112623,0.01491419902673523,0.015136556146703714,0.015138229468918983
0.01549,0.01525190867790853,0.015017476973483638,0.015253719879073157,0.01548631240554625,0.01548810404811313
0.01585,0.015600757961070678,0.015355435265609473,0.01560269724860954,0.015846050007235452,0.015847969016357044
0.01622,0.015959033757633103,0.01570226624397491,0.01596111078309815,0.016215767681287862,0.016217823717968153
0.0166,0.01632671454479439,0.016057928182361483,0.016328939602596893,0.016595464082958433,0.016597667458815264
0.01698,0.016694113644034846,0.016413040657240894,0.01669649353969596,0.016975146345435954,0.016977503908589247
0.01738,0.017080545398331762,0.016786250351235467,0.017083095795081483,0.017374796260421793,0.017377323692444532
0.01778,0.017466665399056072,0.017158852652563703,0.017469394171628447,0.017774429786051597,0.01777713502270193
0.0182,0.017871756080246073,0.0175494321643853,0.017874680809271265,0.018194026943943734,0.018196927611141136
0.01862,0.018276503476885843,0.0179393436810215,0.018279633229270974,0.01861360519644437,0.01861671044555166
0.01905,0.01869053230074686,0.018337847647520306,0.018693881556351506,0.019043153374806575,0.01904647777233101
0.0195,0.01912343345617899,0.018754138828354153,0.019127023050514957,0.019492658339199897,0.01949622282049601
0.01995,0.019555941305090502,0.0191696661818619,0.01955978234227168,0.01994214008282008,0.01994595588296802
0.02042,0.020007252098156007,0.0196028470381571,0.020011367868132728,0.020411573432786753,0.02041566398965726
0.02089,0.02045813444087733,0.020035196974677417,0.020462537589750116,0.020880980282903538,0.020885358413923152
0.02138,0.0209277474073055,0.02048506134443321,0.020932463921361295,0.021370333033312792,0.021375024931949593
0.02188,0.021406464964595844,0.020943178349198784,0.02141151602927937,0.021869641514921722,0.02187466860234248
0.02239,0.021894258436731436,0.02140949318867287,0.021899666467786266,0.022378903107258114,0.022384288068817964
0.02291,0.022391098611439578,0.021883950110310406,0.0223968873116892,0.022898115064516777,0.022903881909881435
0.02344,0.022896955742368545,0.022366492417576104,0.022903150160243885,0.023427274511351275,0.02343344863661033
0.02399,0.023421328389205076,0.022866136870153545,0.023427963163702773,0.023976361461486947,0.023982977937777435
0.02455,0.023954635501228044,0.02337370924630122,0.023961739300180564,0.024535388169035135,0.024542476120827675
0.02512,0.024496845192344293,0.02388914905962109,0.024504448259715934,0.025104351247442508,0.02511194143066725
0.0257,0.02504792505341696,0.024412394921462768,0.025056059276591595,0.025683247159322204,0.025691372033541295
0.0263,0.025617326505863368,0.02495237328167338,0.025626035272337522,0.026282051840324238,0.02629075550659921
0.02692,0.02620498093645636,0.025508953413077313,0.02621431075448915,0.02690075859665785,0.026910088381593845
0.02754,0.026791897060205908,0.02606411576197059,0.026801876325982445,0.027519404983993138,0.027529390019222635
0.02818,0.027396972277591587,0.026635702270373388,0.027407652356591258,0.028157942954979576,0.02816863561702293
0.02884,0.028020133697969976,0.027223574634261876,0.028031569534621516,0.028816364791275494,0.028827821172597714
0.02951,0.028651883678922255,0.027818720377854676,0.0286641217666657,0.02948468790114168,0.029496955651037247
0.0302,0.029301594208252343,0.028429914673678384,0.029314696175499904,0.030172880388613373,0.030186022568810714
0.0309,0.029959791037358977,0.029048190258971367,0.02997380929285091,0.030870961264596798,0.030885031717728332
0.03162,0.030635817524377613,0.02968226803880337,0.030650821038754585,0.03158889553701703,0.03160396500719374
0.03236,0.03132959231244913,0.030331994884557217,0.031345654616606614,0.03232667326989254,0.032342817276753616
0.03311,0.032031678029610836,0.03098847470228491,0.032048862173437484,0.033074316105091636,0.033091599675421794
0.03388,0.032751372506019,0.03166034241523073,0.032769760513792705,0.0338417837882109,0.0338602913789019
0.03467,0.03348858919283035,0.03234743600017748,0.03350826833676438,0.034629064807675726,0.0346488864022212
0.03548,0.03424323946842118,0.03304958988984324,0.0342643025456793,0.035436147014513746,0.03545737842662609
0.03631,0.035015232651594404,0.03376663502190259,0.03503777827098069,0.03626301759728117,0.03628576078622374
0.03715,0.03579519874568936,0.034489804932527623,0.03581931253916984,0.037099703415291424,0.03712404732217325
0.03802,0.03660161397308357,0.03523614269949044,0.03662742529045683,0.03796611142282418,0.03799218987652327
0.0389,0.03741584398311899,0.035988313135452484,0.03744344980267591,0.03884230941940488,0.03887022345259879
0.03981,0.03825629557833147,0.03676322912274965,0.03828584068243237,0.039748195358603994,0.039778095209546144
0.04074,0.03911360696996017,0.037552141634769685,0.03914522359090647,0.04067379495121909,0.04070581837403394
0.04169,0.03998767541023478,0.03835486171058516,0.040021503518321185,0.04161909086239277,0.04165338390392576
0.04266,0.04087839619246142,0.039171197263662555,0.04091458385283794,0.04258406490562508,0.042620782308567196
0.04365,0.04178566266655851,0.040000953138222724,0.041824366406362286,0.04356869801389338,0.043608003633212135
0.04467,0.04271850229347481,0.04085225964176433,0.04275991461418439,0.04458291220588866,0.04462500740175166
0.04571,0.04366762986835304,0.041716514949015064,0.04371192778112479,0.04561673922331303,0.04566180994163016
0.04677,0.04463293197920633,0.04259351330041606,0.044680302263152366,0.04667015684605871,0.04671839963442264
0.04786,0.04562336987422361,0.04349126365817414,0.04567404042524765,0.04775307541133497,0.0478047298966878
0.04898,0.04663876449859505,0.04440943964792589,0.046692977940475514,0.04886546146049157,0.048920783236464344
0.05012,0.047669898024975794,0.04533956858961674,0.047727878718622635,0.049997352393615316,0.05005657888683712
0.05129,0.048725660520945006,0.04628952999029789,0.04878767989803004,0.05115864488731323,0.05122206311076113
0.05248,0.049796870696463075,0.04725092094436476,0.049863180297962904,0.0523393796754011,0.05240725685377627
0.0537,0.05089236954008096,0.04823153216767524,0.05096327227863718,0.053549443489348085,0.053622101164185025
0.05495,0.05201195941300072,0.04923100858925631,0.05208777667188018,0.05478879365386348,0.05486657367098636
0.05623,0.053155438454203376,0.05024898874726307,0.05323651098719029,0.05605738524832821,0.05614065081198734
0.05754,0.05432260062535106,0.05128510494788653,0.054409289483140125,0.0573551710255748,0.05744430778940502
0.05888,0.055513235756581514,0.05233898342672895,0.05560592323964944,0.05868210132944744,0.0587775185246949
0.06026,0.05673597752178891,0.05341804091193058,0.056835115914964256,0.06004801966826575,0.06015020138563898
0.06166,0.05797288623040378,0.054506252641637054,0.05807885763803854,0.06143307521267898,0.0615424335412376
0.0631,0.059241408752692126,0.05561877196519092,0.059354717336092565,0.06285699664775118,0.06297407359343761
0.06457,0.060532469476729175,0.05674740376260103,0.06065359722704942,0.06430982753317711,0.06443514375994093
0.06607,0.06184583684364237,0.05789174413334996,0.061975292429202584,0.06579150422271528,0.06592561050015458
0.06761,0.06318998990964611,0.059058938393450326,0.0633283689736889,0.06731182950089473,0.06745537070090471
0.06918,0.0645559186165904,0.06024091686082455,0.06470379169082849,0.0688608524391457,0.06901444935493206
0.07079,0.06595203581709325,0.06144471010621767,0.06611006826735402,0.07044835669420142,0.07061273323307783
0.07244,0.06737800524710742,0.06266973482991764,0.06754690239080974,0.07207424599809768,0.0722501715151834
0.07413,0.06883348372990158,0.06391539838654563,0.06901399271968943,0.07373841906734108,0.0739267106906385
0.07586,0.07031812127748815,0.06518109912991737,0.07051103303403788,0.07544076942847992,0.07564229446081523
0.07762,0.07182302635335808,0.06645899400354506,0.07202910116738738,0.07717135611493899,0.07738695278297988
0.07943,0.07336493749199095,0.06776298694704441,0.07358513289421269,0.07894972780424983,0.07918044930891292
0.08128,0.07493491852570756,0.06908516257940982,0.07517016868896123,0.08076592479346296,0.0810128039909048
0.08318,0.07654102980036682,0.0704319456948863,0.07679240754075961,0.08262962275282681,0.0828938463567796
0.08511,0.07816598179448911,0.07178851732929624,0.07843444443420483,0.08452106838809167,0.0848037040406203
0.0871,0.07983459117134417,0.07317522327779179,0.08012142397203569,0.08646950653214584,0.08677198113960356
0.08913,0.08152958643749918,0.07457728559036968,0.08183596081275882,0.08845517769355372,0.08877880180357278
0.0912,0.08325056345619952,0.07599403855016124,0.08357771260997068,0.09047792505033164,0.09082408249802719
0.09333,0.0850136302551532,0.07743830846630129,0.08536306513129613,0.0925570970695295,0.09292748056026048
0.0955,0.0868017035379256,0.07889566216843902,0.08717480602464629,0.09467296681956265,0.09506913693405512
0.09772,0.08862254171283332,0.08037203131030377,0.08902087964143862,0.09683508715216792,0.09725881543857198
0.1,0.09048374180359596,0.0818730753077982,0.09090909090909091,0.09905295543083932,0.0995062503408962
0.10233,0.0923765247386573,0.08339120807966154,0.09283064055228471,0.10131659035187764,0.10180144882158632
0.10471,0.09430032388899035,0.08492551891479785,0.09478505671171619,0.10362574465617207,0.10414427849686882
0.10715,0.09626258539009448,0.08648143113378659,0.0967800207740595,0.10598984184977074,0.10654443382965334
0.10965,0.09826259882697169,0.08805780509102032,0.09881494164826747,0.10840856894607372,0.10900174706061505
0.1122,0.10029170534450335,0.08964729198670839,0.10088113648624347,0.11087194461513822,0.11150622439284852
0.11482,0.10236508470041357,0.09126119635710543,0.10299420534256652,0.11339894549586221,0.1140773239704166
0.11749,0.1044661633815007,0.09288602682483955,0.10513740615128546,0.11596992184743685,0.11669522558200161
0.12023,0.10660992100462417,0.09453277265750817,0.10732617408924952,0.11860375456503092,0.1193793356850898
0.12303,0.10878769472506108,0.09619411951225784,0.10955183743978344,0.12129041101014305,0.12211963177411626
0.12589,0.11099870224729393,0.09786886885839553,0.11181376511026832,0.12402947789817699,0.12491589058625753
0.12882,0.11324980937273227,0.09956155350846298,0.1141191686894279,0.12683007233641036,0.12777764054071034
0.13183,0.11554767481646329,0.10127637984898086,0.1164750890151348,0.1297012125522047,0.13071435663282674
0.1349,0.11787606350370554,0.10300049182453389,0.11886509824654154,0.13262328586466185,0.13370623571294463
0.13804,0.12024165364624954,0.10473815757450476,0.12129626375171347,0.13560528157697946,0.13676273609995013
0.14125,0.12264345058172292,0.10648790067675407,0.12376779846659365,0.13864661489132624,0.1398835399250472
0.14454,0.12508784942469647,0.10825356353739819,0.1262865430653363,0.14175611447662342,0.14307801790816654
0.14791,0.1275736673244793,0.11003340270851812,0.12885156501816347,0.1449330688968947,0.14634578258022324
0.15136,0.13009970334438084,0.11182566602996763,0.13146192329071707,0.14817673340351062,0.14968642763858495
0.15488,0.1326575006336423,0.11362353095535128,0.1341091715156553,0.15147696691094895,0.15308986582684408
0.15849,0.1352603581280434,0.11543545006578684,0.1368073958342325,0.15485170795132538,0.15657498987467328
0.16218,0.1378997303667593,0.11725450508832726,0.13954809065721316,0.1582907179793349,0.16013165775768373
0.16596,0.14058141617025594,0.11908372241765908,0.1423376445161069,0.16180238599944474,0.16376899699339856
0.16982,0.14329695028417772,0.12091635826608231,0.14516763262724178,0.16537645099720585,0.16747685081002447
0.17378,0.14605892430406234,0.12275986516779727,0.14805159399546763,0.1690303696642237,0.1712738459238457
0.17783,0.14885877500987188,0.12460740537276982,0.1509810414066546,0.17275375777017135,0.1751497555859655
0.18197,0.15169498669679018,0.12645693789602327,0.15395483810925828,0.17654545886500478,0.17910394003569313
0.18621,0.1545727824287072,0.12831075166614284,0.1569789497643756,0.18041337239857125,0.18314525280869123
0.19055,0.15749041941743447,0.13016652956326122,0.16005207677124017,0.18435612985395872,0.18727293458647531
0.19498,0.16043951038588247,0.13201782999723918,0.16316591072653935,0.1883632788502134,0.19147671346872258
0.19953,0.1634381450409036,0.1338747419155588,0.16634014989204107,0.1924604092729649,0.19578419602788408
0.20417,0.16646465092910107,0.1357225841648992,0.1695524718270676,0.19661889820380934,0.2001660830171832
0.20893,0.16953667373478423,0.1375708789597218,0.1728222477728239,0.20086395476216032,0.20464976658380224
0.2138,0.17264561038724474,0.13941303454623152,0.17614104465315536,0.20518478071116292,0.20922477377299448
0.21878,0.1757893949107394,0.14124650956707138,0.1795073762286877,0.2095794887181829,0.21389004354835364
0.22387,0.178965943191688,0.1430687846629316,0.1829197545490943,0.21404611770874346,0.21864447047106195
0.22909,0.18218541631534052,0.14488421981751254,0.1863899307617831,0.2186000278267722,0.22350549966662164
0.23442,0.18543313860653524,0.14668308545973255,0.18990295037345473,0.22322149642259462,0.22845321904501104
0.23988,0.18871893622627,0.1484693884040977,0.19347033583895215,0.22792550074412385,0.2335048521748097
0.24547,0.19204020289270798,0.15024010888121742,0.19709025508442593,0.2327094180611386,0.23865890805000367
0.25119,0.19539431106570132,0.1519922640106694,0.20076087564638465,0.23757052496433298,0.2439138336570832
0.25704,0.19877861436267152,0.15372291288493495,0.20448036657544708,0.24250599691209743,0.2492680131980185
0.26303,0.20219611527530706,0.15543196225687286,0.2082531689666912,0.24752124811182383,0.254728865756905
0.26915,0.20563830919778642,0.15711355827503032,0.2120710711893787,0.2526047764810386,0.26028547405063307
0.27542,0.20911350805884227,0.15877009386636953,0.21594455159868906,0.2577698525511401,0.26595406856513354
0.28184,0.21261851148927227,0.16039820972152213,0.2198714348124571,0.2630128072948754,0.27173252818973104
0.2884,0.21614476800065205,0.16199223555497813,0.22384352685501396,0.268321787311942,0.2776097112773405
0.29512,0.2196997965354531,0.16355381064556618,0.22787077645314718,0.2737090547034572,0.2836012506641722
0.302,0.22328009559663864,0.1650794738067685,0.23195084485407064,0.27917032351800464,0.28970464429856774
0.30903,0.22687707694681208,0.16656379006546188,0.23607556740487234,0.28469335149374714,0.2959084959039623
0.31623,0.23049744941601702,0.16800769752170674,0.2402543628393214,0.29028928683130745,0.3022277684721493
0.32359,0.2341325205889855,0.16940584442458578,0.24447903051549194,0.2959455272113616,0.3086508324757877
0.33113,0.23778836312779866,0.17075863147101697,0.24875857354277944,0.30167233259773596,0.3151921127676145
0.33884,0.2414561829481791,0.17206082010360213,0.2530847599414418,0.3074567124980989,0.32183972396070076
0.34674,0.2451414080011108,0.17331230869460423,0.25746617758438894,0.31330797741494476,0.3286075089542572
0.35481,0.24883062271204057,0.17450657760283497,0.26188912098375416,0.3192054653783495,0.3354748235778514
0.36308,0.25253331880121915,0.17564469842667785,0.2663673445432403,0.3251649424227355,0.34246348513808345
0.37154,0.25624051880000714,0.17672176205764334,0.27089257331175176,0.33117257791854543,0.3495610363012523
0.38019,0.2599478743799571,0.17773454692300678,0.27546207406226675,0.33722174128924337,0.3567634406348252
0.38905,0.2636593344526332,0.1786820322426564,0.2800835103128037,0.3433193031508184,0.36408300301207436
0.39811,0.2673659579595238,0.17955980878554634,0.2847486964544993,0.34945093610413047,0.3715068904255226
0.40738,0.2710671051715443,0.18036569175237138,0.2894598473759752,0.35561580065160064,0.37903859695197284
0.41687,0.27476176760525794,0.18109729397070015,0.29421894739813814,0.36181242817576115,0.3866812096890737
0.42658,0.27844482438022183,0.18175141878225087,0.2990228378359433,0.3680323578491001,0.39442944947626457
0.43652,0.2821148318642313,0.18232561705714173,0.30387324924122183,0.37427318975357693,0.4022857695080941
0.44668,0.28576290244747116,0.18281641536492102,0.308762131224597,0.3805196932290844,0.41023660717960625
0.45709,0.2893943549752568,0.18322232534412247,0.3137005950215841,0.38678082433761224,0.4182994100686099
0.46774,0.29299999325128906,0.1835399924001698,0.31868042023791676,0.3930405393542177,0.42646002507353575
0.47863,0.29657432345018214,0.18376685399981876,0.3236982882803677,0.39928888486344777,0.43471203285122545
0.48978,0.3001181740796136,0.1839007685346099,0.3287599511337244,0.4055268489976337,0.4430637840455902
0.50119,0.3036255718434932,0.18393920045748774,0.3338618029696441,0.41174340849679614,0.45150808080003474
0.51286,0.3070906262212375,0.1838799140368752,0.33900030405986015,0.41792744750965005,0.4600375968144847
0.52481,0.3105131626698479,0.18372063068773728,0.3441805864337196,0.42407792439190756,0.46865922380566827
0.53703,0.3138841468878345,0.18345950443644427,0.349394611686174,0.43017776695855087,0.4773577614381006
0.54954,0.3172028785657136,0.18309434467076985,0.35464718561637654,0.4362247617223412,0.48613920208120565
0.56234,0.3204629436284609,0.18262349866454122,0.3599344572884263,0.4422062229868584,0.49499489993374673
0.57544,0.3236604477743269,0.1820451922936845,0.3652566901944853,0.448113903598444,0.5039228762023441
0.58884,0.3267889337275858,0.18135827594391082,0.370610004783364,0.45393467615414324,0.5129139917289668
0.60256,0.3298464507670948,0.18056074263749586,0.37599840255591055,0.45966366868194425,0.5219721320703746
0.6166,0.3328262278383114,0.17965179684897756,0.3814177904243474,0.4652869124330445,0.5310873724072507
0.63096,0.33572167520505103,0.1786310434932258,0.3868641781527444,0.4707905716318247,0.5402497356741552
0.64565,0.3385282554155104,0.17749768406206004,0.3923373742897943,0.4761645606804877,0.5494554259817507
0.66069,0.3412429692849385,0.17625022943650048,0.39784065659454804,0.4814017070061477,0.5587062700888024
0.67608,0.3438589046166393,0.17488898693077012,0.40336976755286147,0.4864872462340539,0.5679912103105933
0.69183,0.3463709327203325,0.1734137331910341,0.40892406447456303,0.4914097515418664,0.5773050612225074
0.70795,0.3487737634472183,0.1718244764024807,0.4145027664744284,0.496157429850909,0.5866421979844101
0.72444,0.35106062965059426,0.1701225300793326,0.4201015981999954,0.5007154947867091,0.5959909636714402
0.74131,0.35322628706064213,0.16830854820607727,0.42571971676496434,0.5050721109327065,0.6053452774858236
0.75858,0.3552665186474304,0.16638231863727626,0.43135939223691844,0.5092175406123958,0.6147040358184798
0.77625,0.35717456263821823,0.1643461103971691,0.4370161857846587,0.5131369071052418,0.6240548101720006
0.79433,0.35894493489524176,0.162201435533027,0.4426889145251988,0.5168179132309242,0.6333904465183496
0.81283,0.36057211761907826,0.15995011503550113,0.4483762956261757,0.520248231094405,0.6427034837560404
0.83176,0.3620505842893916,0.15759428871824788,0.45407695331266107,0.5234155686729068,0.6519861820784567
0.85114,0.3633754609422388,0.15513514300230816,0.4597923441771017,0.5263091428891942,0.6612352604043539
0.87096,0.36453991498058297,0.15257801691702336,0.46551502971736436,0.5289139580179416,0.670432969110583
0.89125,0.3655397292819839,0.1499234711736843,0.4712491738268341,0.5312208870159334,0.679580204019852
0.91201,0.3663689753407275,0.1471762657122341,0.4769901831057369,0.5332170972592836,0.6886637271423455
0.93325,0.3670224866834947,0.14434021508849296,0.48273632484158796,0.534891561666772,0.697674900250816
0.95499,0.3674954248625229,0.14141811672885182,0.48848843216589344,0.5362342641918987,0.7066090600040167
0.97724,0.36778269896780613,0.1384144259957062,0.4942445024377415,0.5372347088677139,0.7154570726028119
1.0,0.36787944117144233,0.1353352832366127,0.5,0.5378828427399902,0.7242060398659274
1.02329,0.367781203535159,0.13218443811018385,0.505755477464921,0.5381700620997988,0.7328509396437695
1.04713,0.36748348080116267,0.12896594373357512,0.511511237683977,0.538087912431028,0.7413863192876788
1.07152,0.36698224941261404,0.12568684801398206,0.5172626863366031,0.537628723695737,0.7497995754167185
1.09648,0.3662735021031867,0.12235177873096924,0.523009997710448,0.5367855505996061,0.7580853202140532
1.12202,0.3653536948026806,0.11896697234093001,0.5287509071545037,0.535552424110626,0.7662347488840908
1.14815,0.3642196903028479,0.1155388954442385,0.5344831599283103,0.5339244546571962,0.7742393267633945
1.1749,0.36286770419159564,0.11207164077392062,0.5402087452296658,0.5318962376726993,0.7820965785991426
1.20226,0.3612963002011407,0.10857469810110357,0.5459210084186246,0.5294663342466422,0.7897923811153091
1.23027,0.3595017109764505,0.1050513140977146,0.5516237944284773,0.5266302010898297,0.7973271365286773
1.25893,0.35748286567953563,0.10151001187870091,0.5573125329248804,0.5233879111402288,0.8046901848184387
1.28825,0.3552387104164978,0.09795811479012335,0.5629848137222769,0.519740061982275,0.8118742109408501
1.31826,0.3527670641519408,0.09440065051687793,0.5686419987404346,0.5156858139715822,0.8188769507274795
1.34896,0.35006862411846595,0.09084631241267037,0.5742796812206253,0.5112294228721068,0.8256892693352971
1.38038,0.34714206402146647,0.08730031774807223,0.5798990077214563,0.5063721898543038,0.8323092059681638
1.41254,0.34398731483151657,0.08376914831792154,0.5854991005330481,0.5011178212504133,0.8387325691440466
1.44544,0.34060690888141454,0.08026141962153546,0.5910756346506151,0.49547468558034646,0.8449516946210479
1.47911,0.33700097870677975,0.07678242973769864,0.5966294355635692,0.48944744265275,0.8509651891442768
1.51356,0.33317229910159296,0.07333953123010738,0.6021578955744045,0.4830454175558518,0.8567682347187403
1.54882,0.32912204178697907,0.06993796463761444,0.6076615845763922,0.47627547611563575,0.8623597723142097
1.58489,0.32485543996597377,0.06658572953043203,0.6131363423588625,0.4691514528244592,0.8677343423543044
1.62181,0.32037368768120955,0.0632868830248039,0.6185841079254408,0.4616805763386282,0.872892973708729
1.65959,0.3156821531400107,0.06004809730783699,0.6240021958271764,0.45387714446511473,0.8778325336461994
1.69824,0.3107869718932521,0.05687567240117833,0.6293880455407969,0.44575676845364715,0.8825506206092802
1.7378,0.3056911334554779,0.0537732012160748,0.6347432244868142,0.43732985145860553,0.8870488371432415
1.77828,0.30040209202295687,0.050746461126351894,0.6400650762342168,0.4286141641937185,0.8913254796598925
1.8197,0.29492672372112366,0.047800061749121284,0.6453523424477782,0.4196264202243666,0.895380511784139
1.86209,0.28927123916885916,0.044937596899337476,0.6506049774814907,0.4103821179062886,0.899215172052879
1.90546,0.2834451778358805,0.04216366065853597,0.6558204208627895,0.40090202200688746,0.9028292277913196
1.94984,0.27745606516142524,0.03948112055084573,0.6609985626339056,0.3912033786126531,0.9062245968601956
1.99526,0.27131205330794517,0.03689255047972358,0.6661391665498154,0.38130421296211664,0.9094033356130024
2.04174,0.2650232782197836,0.03440072585067679,0.6712408029614628,0.37122545276938673,0.9123670501220384
2.0893,0.2586004898639738,0.0320079516382938,0.6763020749036999,0.3609886450351497,0.915117750077438
2.13796,0.25205501630048,0.029716052331304255,0.6813216229652386,0.35061585187291366,0.9176578312323501
2.18776,0.24539605793461855,0.02752551708133007,0.6863000978743694,0.3401253568873976,0.9199909408325116
2.23872,0.2386360416499702,0.02543737509575397,0.6912360438691829,0.3295401118563053,0.9221198880434214
2.29087,0.23178655741718604,0.023451792637430535,0.6961289871675271,0.3188812687632756,0.9240481803519788
2.34423,0.22486096294892322,0.02156889582435043,0.7009775045376664,0.30817222704030695,0.9257791706192996
2.39883,0.2178717087242985,0.019788013932811235,0.7057811070280067,0.29743444411908504,0.9273167836962006
2.45471,0.21083037642598979,0.018107820322532824,0.7105401032213992,0.28668753626192917,0.9286652905797314
2.51189,0.2037514231374725,0.01652725335526052,0.7152530403856613,0.2759549804534043,0.9298285613589501
2.5704,0.19664829090729818,0.01504456517147579,0.7199193367689894,0.26525813147042915,0.9308108755403616
2.63027,0.1895346356119848,0.013657677005238192,0.7245383952157829,0.25461810929974643,0.9316166080230771
2.69153,0.182424261999005,0.012364198565827473,0.7291096103783526,0.2440556982668396,0.9322502162037892
2.75423,0.1753288214719636,0.011161085181247643,0.7336337944132352,0.23358796281207347,0.9327163468566465
2.81838,0.16826456472930212,0.01004582907327667,0.7381088314939843,0.22323822553144013,0.9330193532532202
2.88403,0.16124321875675066,0.009014946306049989,0.7425354593038673,0.21302261714265905,0.933163882792408
2.95121,0.15427867341197565,0.008065135679859801,0.7469129709633252,0.20295994498001907,0.9331544476749312
3.01995,0.14738460843855528,0.007192908096023528,0.7512406870732224,0.19306820378188141,0.932995583769743
3.0903,0.14057251161672135,0.006394405404728752,0.7555191550742,0.18336178599503455,0.9326917269507122
3.16228,0.13385653142795742,0.005666029259244517,0.7597470617065647,0.1738584465899254,0.9322473694182591
3.23594,0.12724759260123641,0.005003785553134556,0.7639248903431116,0.1645709460839025,0.9316667950199263
3.31131,0.1207580745730808,0.004403850009391373,0.7680519378100855,0.15551372794760118,0.9309543311463577
3.38844,0.11439815114205401,0.003862230697524593,0.7721285923927409,0.14669780585036518,0.9301140320455145
3.46737,0.10817839397760846,0.0033750551350374136,0.7761546502752178,0.1381344530282202,0.9291499201921846
3.54813,0.10210952208052707,0.002938549179289835,0.7801294158258448,0.12983485403563608,0.9280660496995489
3.63078,0.09619936725021203,0.002548851282463043,0.784053658346974,0.12180600140056372,0.9268659513106917
3.71535,0.09045732254265593,0.0022023570327387963,0.7879266650407711,0.11405681935758594,0.9255534331282369
3.80189,0.0848906188281973,0.0018954828164503142,0.791748665629575,0.10659312754687329,0.9241318803950406
3.89045,0.07950581082725132,0.0016247924932330895,0.7955198396875544,0.09941971662575695,0.9226045157837001
3.98107,0.0743092847101019,0.0013870315754626228,0.7992399223460019,0.09254105285658458,0.9209745855554923
4.0738,0.0693060014724366,0.0011790764986247195,0.8029090622413182,0.08595964253170753,0.9192450141823605
4.16869,0.0645001220957151,0.0009979791614061384,0.8065273792779215,0.07967690901394972,0.9174185667220455
4.2658,0.05989452002876634,0.0008409568028215793,0.810095332143264,0.07369259531459435,0.9154976508236174
4.36516,0.05549262465450491,0.0007054567051484403,0.8136122687860194,0.06800718884868366,0.9134851154885401
4.46684,0.05129516521881599,0.0005890504192730498,0.8170789706667837,0.06261773141397893,0.9113828569249186
4.57088,0.047303345648646036,0.0004895351681853997,0.820495146188753,0.05752195991706772,0.9091932265487075
4.67735,0.04351636130016525,0.0004048603805160016,0.8238614846715457,0.05271514240691568,0.9069177970795878
4.7863,0.03993339532251372,0.0003331751168928318,0.8271779893887286,0.04819265841508578,0.9045584105687492
4.89779,0.036552491908768824,0.0002727933751223736,0.8304449632828568,0.04394858301825125,0.902116551285352
5.01187,0.0333712375549663,0.00022220039545119743,0.8336624045430124,0.03997656769374453,0.8995937830278382
5.12861,0.0303859383244609,0.00018003030993932892,0.8368308637684565,0.03626882922863955,0.8969910925471847
5.24807,0.027592546142554197,0.00014507211272505555,0.8399505767380967,0.032817324764359605,0.8943095546436127
5.37032,0.024986177601979062,0.00011625174499054805,0.8430220145926736,0.02961316410263712,0.8915498942793231
5.49541,0.02256180601628583,9.262913790172373e-05,0.8460451303304949,0.026647470759080426,0.8887131698737789
5.62341,0.02031345593602004,7.337834020009706e-05,0.8490203686620638,0.023910398778800093,0.8857998771251595
5.7544,0.018234584872049143,5.778188611427142e-05,0.8519483595878242,0.02139161235955551,0.88281017643998
5.88844,0.016318613451998896,4.5223717146775596e-05,0.854829250164043,0.019080929878229336,0.8797445857777235
6.0256,0.014558461026648402,3.517471910920745e-05,0.8576634024140287,0.016967758889007117,0.8766033050335911
6.16595,0.012946785060246914,2.7184658227237116e-05,0.8604511613952093,0.015041385620050063,0.8733864509570813
6.30957,0.011475941579204271,2.0872616537943064e-05,0.8631930469234168,0.013290925459637727,0.8700938354351355
6.45654,0.010138183596020907,1.5919171355962695e-05,0.8658895412617649,0.011705556106085004,0.866725202543989
6.60693,0.00892578587624563,1.2058498199403652e-05,0.8685409225535137,0.010274658209926882,0.8632804656769314
6.76083,0.007830849072996407,9.07021729640424e-06,0.8711478024901975,0.008987576731545361,0.8597590279894972
6.91831,0.006845673173080341,6.7737989758527534e-06,0.8737104255832369,0.00783405348142355,0.8561607060077284
7.07946,0.005962518223682093,5.021798776706283e-06,0.8762293519616409,0.0068039366028989955,0.8524848218761784
7.24436,0.0051738573563645685,3.695122818856015e-06,0.8787049570858139,0.005887468024410564,0.8487308968208402
7.4131,0.004472305217832989,2.698130871222049e-06,0.8811377494621483,0.005075189755770546,0.844898202104006
7.58578,0.0038506837157429477,1.9546790282196312e-06,0.8835283457065054,0.004358010781385984,0.8409857684912359
7.76247,0.003302189923300465,1.4047665613583214e-06,0.8858769273960424,0.003727390184895099,0.8369932987116213
7.94328,0.002820182409777578,1.0012776616736246e-06,0.8881842008748468,0.0031750805285742667,0.8329195893955519
8.12831,0.0023983915108507464,7.076848495346419e-07,0.8904506967883431,0.00269336018092426,0.8287636719069335
8.31764,0.0020309300477428047,4.958950926975189e-07,0.8926766863712271,0.0022750346915204056,0.8245250386355049
8.51138,0.0017122004747185953,3.444365620647395e-07,0.8948627854212533,0.0019133212776300187,0.8202025274102916
8.70964,0.0014369829430448046,2.370844235354972e-07,0.8970095698707676,0.0016019402366535883,0.8157950043046759
8.91251,0.0012004556424194054,1.6169336689850422e-07,0.8991173779395935,0.001335128793919644,0.8113018112976417
9.12011,0.000998128897098843,1.0923785954596519e-07,0.9011868448070228,0.0011075582442232608,0.8067216618497385
9.33254,0.000825903365584039,7.309010936819375e-08,0.9032183761204893,0.000914391863302042,0.8020537552220832
9.54993,0.0006800146775619392,4.842129331834559e-08,0.9052126412213162,0.0007512153236753456,0.7972966803547618
9.77237,0.000557074829063116,3.175610063635535e-08,0.907169917112019,0.0006140763367410301,0.7924499561823218
10.0,0.00045399929762484856,2.061153622438558e-08,0.9090909090909091,0.000499396960128642,0.7875120688710466
10.23293,0.00036803995639375273,1.3237011247249366e-08,0.9109760320771161,0.0004040047705636511,0.7824822237901216
10.47129,0.0002967404302446766,8.409172407773617e-09,0.9128258460905443,0.00032507802933970847,0.777359262567523
10.71519,0.00023793152421312173,5.283285710694756e-09,0.9146407356602838,0.00026013605328580546,0.7721425305950782
10.96478,0.000189695257341584,3.281806899717986e-09,0.9164213633681522,0.00020699534692258196,0.7668305964205895
11.22018,0.0001503618166627367,2.015001177353522e-09,0.918168144822744,0.00016376263751204028,0.7614227552664732
11.48154,0.0001184760803010493,1.2225347473858627e-09,0.919881681266895,0.00012879479636955632,0.7559177558198581
11.74898,9.27861131928062e-05,7.327668275397734e-10,0.9215623524391755,0.0001006834215598274,0.750315074136938
12.02264,7.221603386230013e-05,4.337779012596967e-10,0.9232106546752425,7.822266501856418e-05,0.7446138611012854
12.30269,5.584826700715377e-05,2.5352414209431766e-10,0.9248272341909795,6.038776144909296e-05,0.7388127507863891
12.58925,4.290995426459413e-05,1.4625686001863177e-10,0.9264124215832368,4.631840166139518e-05,0.7329115247168995
12.8825,3.274925976349738e-05,8.325356220120541e-11,0.9279668647577886,3.529140376096848e-05,0.7269088398250664
13.18257,2.482462391679911e-05,4.674824048804705e-11,0.9294909173725213,2.6707760029283233e-05,0.7208045001022129
13.48963,1.8686508634475562e-05,2.5885484253187795e-11,0.9309851252240395,2.0071756475230044e-05,0.7145976147131904
13.80384,1.396588223730998e-05,1.4129826676229979e-11,0.932449958929575,1.4977620064166043e-05,0.7082876281073068
14.12538,1.036156966364881e-05,7.600653992646378e-12,0.9338859585676526,1.1095111807287447e-05,0.7018737205406014
14.4544,7.630164650660917e-06,4.027798635446329e-12,0.9352935086447872,8.158042690856767e-06,0.6953558123495726
14.79108,5.575906217348424e-06,2.1019918859653795e-12,0.9366731091223652,5.952883691153207e-06,0.688733370611904
15.13561,4.042853698195471e-06,1.0798815525117785e-12,0.9380252745325401,4.309962360942916e-06,0.6820058228346955
15.48817,2.9078589799787577e-06,5.459420866017806e-13,0.9393504555084039,3.0956060410445716e-06,0.6751729541669773
15.84893,2.074421973986763e-06,2.715152711355995e-13,0.9406490501177226,2.205309149672442e-06,0.6682349037898623
16.2181,1.4674679908515655e-06,1.327814173160808e-13,0.9419215825207194,1.5579513304463953e-06,0.6611912106139306
16.59587,1.0292129945203382e-06,6.382789140247071e-14,0.9431684821495044,1.091229202579719e-06,0.6540419784933886
16.98244,7.155172487508499e-07,3.014672410207164e-14,0.9443901939892473,7.57650017471302e-07,0.6467873038803184
17.37801,4.92976473004462e-07,1.3984673903163776e-14,0.9455871446364432,5.213443044313662e-07,0.639427472691089
17.78279,3.3653662110784666e-07,6.3689048426420345e-15,0.9467597731753377,3.5546147004216977e-07,0.6319627803811665
18.19701,2.2758257323649133e-07,2.8462823090685195e-15,0.9479085545092699,2.400891647168386e-07,0.6243933620066249
18.62087,1.52425938919958e-07,1.2477218763479236e-15,0.9490338603741832,1.6061169702928529e-07,0.6167201139589991
19.05461,1.0108531911851807e-07,5.362608702719517e-16,0.9501361532335957,1.0639035126318615e-07,0.6089434228286703
19.49845,6.63637392826525e-08,2.258715893609941e-16,0.9512158236354457,6.976727848936878e-08,0.6010642638546775
19.95262,4.312083538821768e-08,9.319109192566022e-17,0.9522732717913082,4.528199694446222e-08,0.5930836622842022
20.41738,2.7723275631594774e-08,3.764342005415858e-17,0.9533089481533222,2.9081102913650927e-08,0.5850023598043711
20.89296,1.7632046973427326e-08,1.4880087860846318e-17,0.9543232162302402,1.847596985260936e-08,0.5768218723696229
21.37962,1.109044546544444e-08,5.7530480252687915e-18,0.9553164888411868,1.1609184594550679e-08,0.5685434503053759
21.87762,6.897162074489915e-09,2.174406753649713e-18,0.9562891594492784,7.212423152807215e-09,0.5601686116425845
22.38721,4.2399252975748764e-09,8.030016482185771e-19,0.9572415863200442,4.429315815497209e-09,0.551699310386534
22.90868,2.5756494476387337e-09,2.8958325303429596e-19,0.9581741861114875,2.688080606803579e-09,0.5431371131309126
23.44229,1.5457627736244655e-09,1.0192615791047722e-19,0.9590873031945861,1.6117018424406175e-09,0.534484369904491
23.98833,9.162218942953516e-10,3.499462278475252e-20,0.9599813192798399,9.544163786241438e-10,0.525743231283224
24.54709,5.362092247229507e-10,1.171301089774746e-20,0.960856598540186,5.580533302650234e-10,0.5169161521026148
25.11886,3.0975450807975353e-10,3.819753574633964e-21,0.9617134897924335,3.2208605927577845e-10,0.5080058929886142
25.70396,1.7656801946923562e-10,1.2128973706498289e-21,0.962552370509842,1.8343731196222017e-10,0.49901506352687214
26.30268,9.928673242144515e-11,3.747852019234408e-22,0.9633735589326762,1.0306150869599421e-10,0.48994705786076975
26.91535,5.505693720991132e-11,1.12622215016194e-22,0.9641774149347939,5.710249623885927e-11,0.48080498461857
27.54229,3.0097850509228804e-11,3.2890533259067585e-23,0.9649642688095454,3.119063729308718e-11,0.47159244028447145
28.18383,1.6215045165306464e-11,9.32902624352079e-24,0.9657344495222183,1.6790376664442558e-11,0.46231320963847733
28.84032,8.606136746706473e-12,2.5681264876052504e-24,0.9664882950316886,8.904543170307315e-12,0.4529711341153413
29.51209,4.4984420504721185e-12,6.8568443920629805e-25,0.9672261061107252,4.650869142232526e-12,0.4435706876437933
30.19952,2.3148089245567977e-12,1.7743130874953633e-25,0.9679482248444848,2.391459444980851e-12,0.43411599472768686
30.90295,1.1722474041061869e-12,4.446708085906665e-26,0.9686549362989942,1.2101805918473617e-12,0.4246120913006393
31.62278,5.839843250883922e-13,1.0784557586301548e-26,0.9693465731614535,6.02451528954984e-13,0.41506355612038803
32.35937,2.8609102185819015e-13,2.5293469183072302e-27,0.9700234147107695,2.94932078462759e-13,0.4054758674623018
33.11311,1.3777138367634858e-13,5.7321568889469e-28,0.9706857568834972,1.4193201321783072e-13,0.3958544606481697
33.88442,6.519036726177521e-14,1.2542000080642176e-28,0.9713339078018209,6.711427114626772e-14,0.3862047565736712
34.67369,3.029757211290644e-14,2.647375793971642e-29,0.9719681367416715,3.1171363512463465e-14,0.37653291737717787
35.48134,1.3824512981298141e-14,5.386413229322252e-30,0.9725887261816589,1.421414068367066e-14,0.3668450840181564
36.30781,6.190397273691235e-15,1.0554483568720855e-30,0.9731959608457318,6.3608949510144134e-15,0.35714751776473436
37.15352,2.7191379844444268e-15,1.990043306380795e-31,0.9737900985282616,2.7923245353942277e-15,0.34744706515155327
38.01894,1.1710735023508567e-15,3.60718407169769e-32,0.9743714206485363,1.2018758735466568e-15,0.33775033979144575
38.90451,4.942946792783108e-16,6.280177541443091e-33,0.9749401759350008,5.070000103383424e-16,0.3280646348697415
39.81072,2.0437323318536193e-16,1.0491751579132033e-33,0.9754966342176762,2.095068563196675e-16,0.3183970199743882
40.73803,8.273673738323694e-17,1.6803384240285345e-34,0.9760410349985373,8.476768334167521e-17,0.30875520733156453
41.68694,3.2778721305967113e-17,2.577412903068113e-35,0.976573631185557,3.356502803190975e-17,0.29914678762578983
42.65795,1.270245562912884e-17,3.7824691296695446e-36,0.9770946643165792,1.3000230267364592e-17,0.2895796467866943
43.65158,4.812377056301812e-18,5.30541458797599e-37,0.9776043759257791,4.922622253756333e-18,0.28006174878060136
44.66836,1.7814668445288604e-18,7.10485927434008e-38,0.9781030017281112,1.821348918653114e-18,0.27060122414372223
45.70882,6.440383216265484e-19,9.074514715618151e-39,0.9785907672255476,6.58128344550495e-19,0.26120643989158776
46.77351,2.272598257858875e-19,1.1041939853612001e-39,0.97906789766965,2.3211855513474093e-19,0.2518857921678359
47.86301,7.822739650575939e-20,1.2785500878589324e-40,0.9795346213833327,7.98617984480058e-20,0.24264761310082522
48.97788,2.6252880608658072e-20,1.4071939011089397e-41,0.9799911480839123,2.6788895654810703e-20,0.23350057596502977
50.11872,8.584528263091809e-21,1.470391213100056e-42,0.9804376948405594,8.755812131935462e-21,0.22445315846330904
51.28614,2.7334580513644714e-21,1.4568834618025951e-43,0.9808744726613975,2.7867562339019852e-21,0.215513879346498
52.48075,8.470321636546778e-22,1.3670983861044764e-44,0.9813016833159595,8.631720275791581e-22,0.2066913386248356
53.70318,2.552732268798174e-22,1.2134182810335393e-45,0.981719527091478,2.600266367687629e-22,0.19799403015842865
54.95409,7.477251277975622e-23,1.0173817212511039e-46,0.9821282054627285,7.613314877208648e-23,0.18943025192080432
56.23413,2.1272945473355106e-23,8.047394155690492e-48,0.9825279077361707,2.1651237899562378e-23,0.18100835258848988
57.54399,5.874388271694613e-24,5.996879529317174e-49,0.9829188273638336,5.976473446387827e-24,0.17273635617633054
58.88437,1.5734142225943123e-24,4.2042265474897064e-50,0.9833011518698451,1.6001346277305874e-24,0.16462213813859916
60.25596,4.0847838486766576e-25,2.7690968811068133e-51,0.9836750579045697,4.152574385059725e-25,0.1566734961655432
61.6595,1.027115756966616e-25,1.7109557784430695e-52,0.9840407280619858,1.0437736240749549e-25,0.1488977566078442
63.09573,2.4996119872737757e-26,9.902508595942631e-54,0.9843983366754696,2.5392281702908159e-26,0.14130203950236922
64.56542,5.8829391013039675e-27,5.360295413497059e-55,0.984748057741413,5.9740550438828885e-27,0.13389305397296783
66.06934,1.3379817306979849e-27,2.7095701450651316e-56,0.9850900575434319,1.3582329051564854e-27,0.126677218545631
67.6083,2.9382476328864666e-28,1.2769584728743252e-57,0.985424504032311,2.9817074985077952e-28,0.11966042724762399
69.1831,6.225316658991553e-29,5.601739081468994e-59,0.9857515555739202,6.315299858053051e-29,0.11284825195241444
70.79458,1.2714654602279232e-29,2.2835426335640453e-60,0.9860713719615046,1.2894253868243933e-29,0.10624567761952913
72.4436,2.501176241692118e-30,8.63552141528735e-62,0.9863841097113976,2.5357020830596383e-30,0.09985717072623264
74.13102,4.734859014456965e-31,3.0242252011080357e-63,0.9866899184917228,4.798730508663533e-31,0.09368672184791217
75.85776,8.617740984409077e-32,9.790093943502143e-65,0.9869889520589723,8.731344931907777e-32,0.0877375978269793
77.62471,1.5066652729558663e-32,2.924378390246064e-66,0.9872813521347169,1.5260748819960273e-32,0.08201264196491434
79.43282,2.5279272590910697e-33,8.045057732125951e-68,0.9875672642088142,2.5597519791386656e-33,0.07651393762005054
81.28305,4.066491830024602e-34,2.0344162532848895e-69,0.9878468287211035,4.116520610071913e-34,0.0712429677548661
83.17638,6.265520516157705e-35,4.719698950398311e-71,0.9881201828826567,6.34084863835006e-35,0.06620056510091953
85.1138,9.237326762528206e-36,1.0025190476482053e-72,0.9883874593851392,9.345855893674133e-36,0.061386925824150625
87.09636,1.3017616203382634e-36,1.94564194896974e-74,0.9886487932078011,1.3167078433530744e-36,0.05680148367449941
89.12509,1.7517220441548437e-37,3.442947569509354e-76,0.9889043106642113,1.7713766895992953e-37,0.0524431070941145
91.20108,2.2484031944016855e-38,5.54304502161126e-78,0.9891541400599646,2.2730564462535457e-38,0.04830991669559218
93.32543,2.7496709751270816e-39,8.10142580801001e-80,0.9893984050748563,2.7791342304812448e-39,0.04439941236841889
95.49926,3.2003565277692346e-40,1.0724985622752627e-81,0.9896372262336519,3.233868374120392e-40,0.04070846168744307
97.72372,3.541013998451652e-41,1.2830846121320962e-83,0.9898707220513976,3.5772489473305085e-41,0.03723330251412348
100.0,3.7200759760208363e-42,1.3838965267367375e-85,0.9900990099009901,3.757276735781045e-42,0.03396955836621521
